Identifiant|Montant|Duree|Telephone|Taux_interet|Ressources_Client|Charges_Client|Nb_emprunteurs|Assurance|Client|Payeur
   1|15000|48|0|7.26|3152.47|1313.459999|1|1|0|0
   2|6000|60|1|8.82|1826|379|2|1|0|0
   3|4000|60|1|8.52|2443|810|2|0|1|0
   4|12000|60|1|8.82|2959|578|2|1|1|0
   5|6000|12|1|3.42|6817.74|1660|1|0|1|0
   6|6000|24|1|7.32|2767|600|2|0|1|0
   7|7000|24|1|8.22|1942|814.75|1|1|0|0
   8|17000|48|0|7.26|1892.84|1041.646664|1|0|0|0
   9|10000|48|1|8.52|1661.83|695.5833321|2|1|0|0
  10|7000|60|1|8.52|2276.85|726.0199986|2|1|0|0
  11|10500|48|0|8.52|2364.12|641|2|1|1|0
  12|4000|36|0|8.52|1192.15|60|1|1|1|0
  13|6000|60|0|8.82|1497.34|580|1|0|0|0
  15|5000|48|1|7.74|3198.26|296.6499996|1|0|1|0
  16|21500|60|0|8.16|3093.85|348.8399992|2|0|0|0
  18|11000|60|0|8.16|1753.34|1031.5|1|1|0|0
  19|12000|72|1|8.52|6763.11|3061|2|0|0|0
  20|8500|60|0|8.52|2137.57|527|2|0|1|0
  21|6000|36|0|6.72|1800|740|1|1|0|1
  22|7000|48|1|8.82|3316.84|630|2|0|0|0
  23|10000|24|1|5.76|3767|1500|1|0|1|0
  24|8500|36|1|6.72|1780.08|450|1|0|1|0
  25|6000|48|0|8.16|1231.52|400|1|0|0|0
  26|8000|36|0|6.72|5398.7|1650|1|0|1|0
  27|6000|12|1|3.42|4785.36|1200|2|0|0|0
  28|5500|60|1|8.82|1334.12|541|1|0|1|0
  29|4000|48|0|8.82|1268.2|370|1|1|1|0
  30|4000|12|1|3.78|3170.35|1058.57|2|0|1|0
  31|13000|60|1|8.16|2046|550|2|1|1|0
  32|21500|72|1|7.68|4016.66|1155|2|0|1|0
  33|11000|60|1|8.52|6510|1852.149998|2|0|1|0
  34|7000|48|1|8.16|1325.02|281|1|1|0|0
  35|3000|36|0|8.82|2756.19|767.5799999|2|1|1|0
  36|8000|36|0|6.72|3389.75|1089|2|1|0|1
  37|4000|48|1|8.82|2693|620|1|0|0|0
  38|5000|36|0|6.72|1346|356|1|0|0|1
  39|11000|12|1|3.42|5217|1500|2|0|1|0
  40|5000|60|1|8.16|1086.14|30|1|1|0|0
  41|4500|36|1|8.82|2747|892|2|1|1|0
  43|10000|36|1|6.72|2460.11|1012|2|1|0|0
  44|15500|60|1|8.16|1684.33|423.7999992|2|0|0|0
  45|4000|60|1|8.82|1877|30|1|1|1|0
  46|6000|48|1|8.82|1657.5|520|1|0|1|0
  48|6000|60|1|8.82|3700|461|2|1|1|0
  49|6000|12|1|3.42|1870.08|400|1|0|1|0
  50|4000|36|1|8.82|1771|850|2|1|0|0
  51|15000|60|1|8.16|2447.58|997.3999996|2|0|0|0
  52|8000|12|1|3.42|1613.08|500|1|0|1|0
  53|14000|72|0|8.82|2164.57|742.7799988|2|0|0|0
  54|21000|60|1|8.82|2302.78|733|2|1|0|1
  55|10000|60|1|8.52|4556.99|636.25|2|1|1|0
  56|5000|36|0|8.52|1055.12|400|1|0|1|0
  57|20000|60|1|8.16|9785|2390|1|0|0|0
  58|4000|60|1|8.82|1199|247|1|0|1|1
  59|12000|48|0|7.26|5470|3090.083328|2|0|0|1
  60|9500|48|1|8.82|1637.69|567.5|1|1|1|1
  61|10000|60|1|8.16|2020.99|111.25|2|0|1|0
  62|5000|12|1|3.42|1383.95|420|1|0|1|0
  63|6000|36|1|8.22|2146.8|823|2|1|1|0
  64|6000|36|1|8.22|9421|3641.706665|2|1|1|0
  65|7500|48|0|8.52|1765|600|1|1|0|0
  66|4500|36|1|8.82|1752.66|500|1|0|0|1
  67|15000|60|0|8.82|2219.26|195.2299995|2|1|0|0
  69|9500|60|0|8.52|1662|624.5833321|1|1|0|0
  70|7000|24|1|7.32|3123|464.916666|2|1|1|0
  71|7000|48|0|8.16|2135.56|516|2|0|0|0
  73|7500|48|1|8.82|1355|420|2|1|0|1
  75|4000|60|0|8.52|1895.25|920|2|1|1|0
  76|8000|48|0|8.16|1310.77|540|1|1|0|0
  77|13000|60|1|8.82|3827.9|546.416666|2|0|1|0
  78|9000|12|1|3.42|6262|1608.5|2|0|1|0
  79|6000|48|1|8.82|1198.95|450|1|0|1|0
  80|15000|60|1|8.82|1622.4|80.16666651|1|1|1|1
  81|21000|60|1|8.82|2805.04|644.7799988|2|1|0|0
  83|6000|36|1|8.22|2725.22|695|2|1|0|0
  84|8000|48|1|8.82|2946.75|250|2|0|1|0
  85|4000|36|0|8.82|2515.8|10.91666666|2|1|1|1
  86|4000|36|1|8.82|4658.11|750|1|0|1|0
  87|11000|60|1|8.16|3280.88|740|2|1|1|0
  88|15000|60|1|8.16|2782.01|873.0599995|2|0|1|0
  89|8500|48|0|8.82|3168.95|222|1|0|0|0
  90|15000|60|1|8.82|1887.07|805.9099999|2|0|0|1
  91|5000|60|0|8.82|1851.24|783|1|0|1|0
  92|5000|48|1|8.16|2231.08|680|1|1|1|0
  94|20000|60|1|8.82|5463.93|936.623333|1|0|1|0
  95|16000|48|1|8.22|8910.33|1889.439999|1|0|1|0
  96|5000|60|0|8.16|1170|390|1|0|1|1
  97|7000|48|1|8.82|1100.4|270|1|1|0|1
  99|12000|60|0|8.82|1776.26|320|1|0|1|1
 100|12000|60|1|8.82|1345|100|2|1|0|1
 101|5000|12|1|3.42|2279.74|678|2|0|0|0
 102|4000|60|1|8.52|1258.34|450|1|1|1|0
 103|14000|60|1|8.52|3903.24|790|2|0|1|0
 104|20000|48|1|7.26|7997.2|2233.533333|1|0|0|0
 105|7000|60|0|8.52|2545.14|642|2|1|1|0
 106|5000|48|0|8.16|1884.01|737.0199986|2|1|1|0
 107|4000|60|1|8.82|3224|580|1|1|1|0
 109|9500|48|1|8.82|3367.61|460|2|1|0|0
 110|17000|72|1|8.82|2927.34|1911.199997|2|0|0|0
 111|8000|60|1|8.82|1884.14|30|2|1|1|0
 112|6000|48|1|8.52|2172.36|766|2|0|0|1
 113|4000|36|0|8.82|1681.41|750|1|0|0|0
 114|10000|60|1|8.82|1894.82|750|1|0|1|0
 115|4000|60|1|8.82|1524.25|212|1|0|1|0
 116|5000|36|1|6.72|3473.78|1091.083332|2|0|1|0
 117|13000|36|1|8.22|3431|1748.839996|1|1|1|0
 118|15000|60|1|8.82|2558.25|1185.32|2|1|1|0
 119|10000|48|1|7.26|1541.66|649|1|0|1|0
 120|5000|36|1|8.82|1591.58|45|1|0|1|0
 121|10000|24|1|6.84|1569|125|1|0|1|0
 123|10000|60|1|8.82|1865.5|510|2|1|1|0
 124|4000|36|1|8.82|2557.93|707|2|0|1|0
 125|5000|36|1|8.82|3196.12|1461.589996|1|0|1|0
 128|4000|60|1|8.52|2095.9|680|2|0|1|0
 129|10000|48|0|7.26|1342|365.1999998|1|1|0|1
 130|13000|36|1|8.22|3844|700|2|1|1|0
 131|9000|60|1|8.16|2674.18|1165|1|1|1|0
 132|4000|36|0|8.82|1210|153|1|0|0|0
 133|20000|72|0|8.82|5788.41|3961.666664|2|1|0|0
 134|4000|12|1|3.78|2683.33|30|1|0|1|0
 135|10000|12|1|3.78|4629.98|430|2|0|1|0
 136|4000|60|1|8.82|2195.21|838.9199982|1|0|1|1
 137|7500|36|1|8.22|4984.52|780|2|1|1|0
 138|14000|60|1|8.82|2254.29|578|1|1|1|1
 139|12500|60|1|8.82|3633.33|1310|2|0|1|0
 140|6000|48|1|8.82|1964.62|677|1|1|1|0
 141|7500|48|1|8.16|2190|480|2|0|1|0
 142|4000|48|0|8.82|1083.4|274.0499992|1|1|1|0
 144|6000|60|1|8.16|1288|526.0833321|1|1|1|0
 145|5000|36|1|8.82|3089|1700|2|0|1|0
 146|6000|48|0|8.82|3511.59|770|2|1|0|0
 148|10000|60|1|8.82|6221.78|1635|2|0|1|0
 149|5000|60|0|8.82|1603|440|1|1|1|1
 150|8000|36|1|8.52|3843.66|1900|2|1|0|0
 152|7500|48|1|8.82|2260|504|1|0|1|0
 153|14000|60|1|8.52|2320.57|830|2|0|1|0
 154|12000|60|1|8.52|1681|75|2|0|1|0
 155|7000|48|1|8.82|1406.34|558.3199997|1|1|0|1
 156|13000|60|1|8.52|2682.47|988|2|0|0|0
 157|8000|60|1|8.82|1838.37|623|1|0|1|0
 158|7500|12|1|4.31|4579.69|800|1|0|0|0
 159|8000|48|1|8.82|2371.92|980|1|1|0|0
 161|9000|48|1|8.52|5076.12|200|1|1|1|1
 162|10000|48|0|8.82|3729.08|575|2|1|0|0
 163|8000|48|0|8.82|2553|400|2|1|0|0
 164|5000|24|1|8.82|4061.17|1380|2|1|1|0
 165|5000|24|1|8.82|4406.33|2365.14666|2|0|1|0
 166|6000|12|0|4.31|3483.54|650|2|0|0|0
 167|7000|48|1|8.82|2563.67|450|2|0|0|1
 168|9000|48|1|8.82|1610.02|320|2|0|0|0
 169|14000|72|1|8.82|2541.58|740|2|1|0|0
 170|8000|48|1|8.82|2567.87|742|1|1|1|0
 171|4000|36|1|8.82|1053|90|1|0|0|0
 172|6000|48|1|8.82|1280.76|430|1|0|1|1
 173|6000|36|0|8.22|1510|503|1|0|0|0
 174|10000|60|0|8.52|1332.64|200|1|0|1|0
 175|5000|24|0|7.14|3029.33|810|1|1|1|0
 176|6000|36|0|7.74|5172.2|1045|2|0|1|0
 177|10000|60|1|8.82|2503.58|550|2|0|1|0
 178|7000|60|1|8.82|2387.87|927.4599991|2|0|1|0
 179|6500|60|0|8.82|2976|959|2|0|0|0
 180|10000|48|0|8.82|6126.51|1880|2|1|1|0
 181|12000|48|1|8.22|3852|931|2|1|0|1
 182|14000|60|1|8.16|1923.36|796.9899998|2|0|1|1
 183|4000|60|1|8.82|1980|711.25|2|0|1|0
 184|7000|60|1|8.52|2279.66|650|2|0|0|0
 185|5000|24|0|7.32|2169.59|670|1|0|1|0
 187|18000|72|1|8.52|3579.32|576|1|0|0|0
 188|13500|60|1|8.82|2773.11|1361.136665|2|1|0|0
 189|10000|36|1|8.22|2917|431|2|1|0|0
 190|20000|24|1|5.76|15772|3656.136665|1|0|1|0
 191|7000|60|1|8.52|1128|45|2|1|1|0
 192|8000|60|1|8.82|2254|707|2|0|0|0
 193|14000|60|1|8.82|3578.66|855|2|0|0|0
 194|5000|36|0|8.82|2430|310|2|1|0|0
 195|9500|48|0|8.52|1122.77|375|1|1|0|0
 196|8000|60|1|8.52|2746|620|1|0|1|0
 197|9000|60|1|8.82|2550.31|376.5099993|2|0|1|0
 199|6000|48|1|8.82|3430.11|518.3099995|1|1|1|0
 200|8000|48|1|8.82|2779|430|2|1|0|0
 201|10000|60|1|8.82|2258|563.75|1|1|0|1
 202|8000|36|1|6.72|5439.18|1000|2|1|1|0
 203|8000|60|1|8.52|2382.81|1040|2|0|0|1
 204|5000|36|1|8.82|1214.93|339|1|0|0|0
 205|9000|60|1|8.82|2460.38|250|2|1|1|0
 206|7500|48|1|8.82|2641.22|830|2|1|0|0
 207|12000|12|1|3.78|8867.68|2510|1|0|1|0
 208|8000|48|1|8.82|1599|390|2|0|1|0
 209|21000|60|0|8.52|3084.25|627|1|0|1|0
 210|6000|24|1|7.14|3037|710|2|0|1|0
 211|6000|60|1|8.82|2745|555|2|1|1|1
 212|2000|36|0|8.82|1486.25|4.666666657|1|1|0|0
 213|11000|36|1|8.22|7728|2664.666664|2|1|0|0
 215|4500|36|1|8.82|2036.73|630|1|0|1|0
 216|13000|60|1|8.16|6401.41|1421.666664|1|0|1|0
 218|17000|60|0|8.82|1812.31|833.6266651|1|1|1|0
 219|8000|48|1|8.52|3681.43|1400|2|1|0|0
 220|10000|48|0|8.82|3971.5|1928|1|1|0|0
 221|7500|36|1|8.22|1497.29|500|1|0|0|1
 222|7500|36|1|8.22|4549|1600|1|0|0|0
 223|7500|48|0|8.82|4675|878.5833321|2|0|1|0
 224|11000|60|1|8.82|4079.23|820|1|0|1|0
 225|20000|60|0|8.82|3644.08|908|2|0|1|0
 226|4000|12|1|3.78|2934|940|2|0|1|0
 227|7000|12|1|3.42|2639|820|1|0|1|0
 228|6000|48|1|8.16|2545.01|101|2|1|1|0
 230|5000|36|1|8.82|2175.33|1029.833332|1|1|0|0
 231|8000|48|1|8.16|2425.38|512|2|1|1|0
 232|4000|24|1|7.14|2917|400|1|0|1|0
 233|15000|60|0|8.82|2451.44|260.5899992|2|1|0|1
 234|9000|60|1|8.82|1043.42|400|1|1|1|0
 235|14000|36|0|8.22|3075.58|1118.583332|1|1|0|1
 237|4000|24|1|8.82|2925|520|1|1|1|0
 238|6000|48|0|8.52|972.16|223|1|1|1|1
 239|5000|36|1|6.72|3462.57|1517.666664|2|1|0|0
 240|4000|36|1|8.82|3939.5|1196|1|0|1|0
 242|8000|60|1|8.52|1415.34|720|1|0|0|0
 243|15000|48|1|8.22|3733.43|1428.189999|2|0|0|0
 244|8000|60|1|8.82|2480|80|2|0|1|0
 245|19000|72|0|8.82|5206.41|2382.589996|1|0|0|0
 246|6000|48|1|8.82|1654|260.75|1|0|0|0
 247|10000|48|1|8.82|3125.86|775|2|0|1|0
 248|5000|36|1|8.82|1947|706.2399998|1|1|0|0
 250|12000|60|0|8.52|2700.74|340|2|0|1|0
 251|10000|48|1|8.82|2817.26|599|2|1|0|1
 252|4000|12|1|3.78|2595|798.75|1|1|1|0
 253|21500|24|1|8.22|3307.99|242.75|2|0|0|0
 254|4000|48|1|8.82|1039|350|1|1|1|0
 255|17000|60|0|8.82|4786.8|1779.609997|2|1|1|0
 256|5500|36|1|8.52|1940.98|598|1|0|0|0
 258|7000|36|1|6.72|1906.25|730|2|1|1|0
 259|4500|36|1|8.82|1633|578|1|1|0|0
 260|7500|48|0|8.82|7587.53|2210.979996|1|0|1|0
 262|4000|48|1|8.82|3226|395|2|1|1|0
 263|6000|48|1|8.16|3900.41|1112|2|0|1|0
 264|4000|48|1|8.82|2649.85|226|2|0|1|0
 265|8000|60|1|8.16|2674.25|952|2|0|1|0
 266|10000|60|1|8.82|1602|500|1|1|0|0
 267|5000|60|0|8.82|1586|166.9166665|1|0|1|0
 268|5000|48|1|8.82|2056.23|400|2|1|0|0
 269|5000|24|0|8.82|1725.75|650|1|0|1|0
 270|9500|36|0|8.22|3822.32|650|2|0|1|0
 271|4000|24|1|8.82|3098.41|1181|2|0|0|0
 272|19000|60|1|8.52|2947.33|1218.049999|2|1|1|0
 273|6000|60|1|8.82|2753|541|2|0|1|1
 274|5000|12|0|3.42|3954.22|400|1|0|1|0
 275|4000|36|1|8.52|3188.66|140|2|1|0|0
 276|4000|36|0|8.52|2497|1330|2|1|0|0
 277|9000|60|0|8.82|3096.69|1898|1|0|0|0
 278|4000|48|0|8.82|2536.21|596|2|0|1|0
 279|5000|60|1|8.16|2152.91|810.8099995|2|1|1|0
 280|11000|60|1|8.82|4186.59|1000|2|1|1|0
 281|6000|12|1|6.72|1617|190|2|0|1|0
 283|6000|48|1|8.82|2018.49|346|2|1|0|0
 284|8000|48|1|8.16|2140.75|662|2|1|1|0
 285|5000|24|0|8.82|1886.02|590|1|0|1|0
 286|7000|24|1|7.32|3706.83|1941.243332|1|0|1|0
 287|12000|48|1|8.22|1836.75|544.25|2|0|0|0
 288|10000|60|1|8.16|2786.03|323.79|2|1|0|0
 289|10000|36|1|8.22|3425.77|804.75|1|1|0|0
 290|7000|60|1|8.52|3622.82|1779|2|0|1|0
 291|10000|60|0|8.82|2007|220|2|0|0|0
 292|7000|36|0|8.22|2772.66|1100|2|0|0|0
 293|13000|60|1|8.16|2570.75|950|2|1|1|0
 294|10000|60|1|8.82|3816|938.7199993|1|1|0|0
 295|15000|24|1|6.84|2948.5|965.2099991|2|1|1|0
 296|7000|48|1|8.82|2411.7|1398.5|1|0|1|0
 297|10000|60|1|8.52|5362|837|2|0|1|0
 299|5000|24|1|7.14|2561|495|2|1|1|0
 300|5000|24|1|5.76|3877.4|1483|2|0|1|0
 301|5000|48|1|8.82|3198.99|79|2|1|0|0
 302|9000|36|1|8.22|3029|800|2|1|1|0
 303|6000|24|1|7.32|1923|700|2|0|1|0
 304|8000|12|1|3.78|4486.92|1529.673332|2|0|1|0
 305|3000|24|1|8.82|1410.66|60|1|1|1|0
 306|4000|48|0|8.82|2981.95|933.0099983|2|1|1|0
 307|6000|48|1|8.82|1686.32|606|1|0|1|0
 308|5000|60|1|8.82|1972.01|304.166666|1|1|1|0
 309|4000|36|1|8.82|2852.83|582|2|0|1|0
 310|13000|60|1|8.16|2401.24|139.25|2|0|1|0
 311|8000|36|1|8.22|3379.63|680|2|0|0|0
 312|3000|36|0|8.82|1673.81|596.7099991|2|1|0|1
 313|5000|48|0|8.16|2520.57|1030|2|0|0|0
 314|6000|36|1|8.22|4563|2391|1|1|1|0
 315|4000|36|1|8.82|3286.83|1010|1|0|0|0
 316|14000|60|1|8.82|5837|2604.333328|2|1|0|1
 317|9500|12|0|4.31|11381.11|3191.583328|2|1|1|0
 318|5500|24|1|8.52|2496.5|1362|1|1|0|0
 319|10000|48|1|8.82|4816.58|480.083333|1|0|1|0
 320|6000|48|0|8.82|1420.82|750.916666|1|1|0|0
 321|9500|48|0|8.82|3611.16|1706|2|1|0|0
 323|5000|24|0|8.52|2267.35|773.5866661|1|0|1|0
 324|6000|48|1|8.82|1223|457|1|1|0|0
 325|7500|48|1|8.82|2308.59|200|2|0|0|0
 326|8000|36|1|8.22|4368|306|1|0|1|1
 327|12000|60|1|8.82|6933.51|2304|1|0|0|0
 328|10000|48|0|8.82|2804|675.0833321|2|1|0|1
 329|5000|48|0|8.82|4530.1|884|2|0|0|0
 331|4000|36|0|8.82|2137.77|779|2|0|1|1
 332|5000|36|1|8.52|1615|580|1|0|1|1
 333|7500|24|1|8.22|1701.49|425|1|0|1|0
 334|6000|60|1|8.82|2356.15|388|2|0|1|0
 335|4000|36|1|8.82|6287|816.4466648|1|0|1|0
 336|8000|48|1|8.82|2172|1443|2|1|1|0
 338|8000|36|1|8.82|2471.91|387.9799995|2|1|1|0
 339|11000|60|1|8.52|4397.58|2177.839996|2|1|1|0
 340|4000|48|1|8.82|1251.33|460|1|0|1|0
 341|15000|24|1|6.84|3796.27|607.8699989|2|0|1|0
 343|13000|60|1|8.82|5496.29|1184|2|0|0|0
 344|7000|48|1|8.82|2600.32|1008.606667|2|1|1|0
 346|10000|60|1|8.82|3187.49|788|2|0|1|0
 347|10000|36|1|6.72|1540.99|310|1|1|0|1
 348|10000|48|1|8.52|1295.58|15|2|1|0|1
 349|6000|60|1|8.16|2335|1009|2|0|1|0
 350|6000|12|1|3.42|2221.75|29.58333331|2|1|1|0
 351|6500|60|1|9.3|2991.66|800|2|1|1|1
 352|3000|24|1|8.52|1855.28|245|2|0|0|0
 353|20000|60|0|8.82|2261|720.0699997|1|1|0|0
 354|8000|36|1|8.22|3341.69|112.75|1|1|0|0
 355|12000|60|0|8.52|2574|680|1|0|1|0
 356|7500|48|0|8.82|1540.78|436|1|0|0|0
 357|6000|48|1|8.16|2304.43|824|2|0|0|0
 358|7000|60|1|8.82|1825|859.6999989|1|0|1|0
 359|5000|36|1|8.52|3358.68|783|2|0|1|0
 361|4000|24|0|8.52|2841.63|704|2|0|0|0
 362|6000|48|1|8.52|1659|580|2|1|1|0
 363|12000|60|1|8.16|2341.14|710|2|1|1|0
 364|5000|48|1|8.52|2891.91|450|2|1|1|0
 365|21000|60|1|8.52|2892.16|1227.969997|2|0|1|0
 366|8000|48|1|8.52|2311.58|815|2|1|1|0
 367|10000|60|1|8.82|2414|315|2|1|0|0
 368|10000|12|1|3.42|7022.74|3318|2|0|1|0
 369|4000|48|0|8.82|3143.75|1207.809998|2|1|0|0
 370|6500|60|1|8.52|2653.95|740|2|0|1|0
 371|6000|48|1|8.82|2752.45|1099|2|1|0|1
 372|5000|48|1|8.82|1321.51|380.9799995|1|1|0|1
 373|12000|60|1|8.52|2125.53|720|2|1|0|0
 374|5000|36|1|8.52|3061.19|1200|2|0|1|0
 375|4000|36|0|8.82|1401|145|1|1|1|0
 376|6000|36|1|8.22|1710.23|650|2|0|0|0
 378|6000|60|1|8.82|2502|467.666666|1|0|0|0
 379|5000|36|0|6.72|1054|330|1|1|1|1
 380|6000|60|1|8.52|1833|960|1|1|1|0
 382|5700|36|1|6.72|3303.62|1284.986664|2|0|1|0
 384|4000|24|0|8.82|3981.93|700|2|1|1|0
 385|4500|48|1|8.52|6329|3652|2|1|1|0
 386|10000|36|1|8.22|3352|250|2|0|1|0
 387|8000|60|1|8.82|2636.66|980|2|0|1|0
 388|10000|60|1|8.16|2444|600|1|1|1|1
 389|4000|24|1|8.82|1256.39|424|1|1|0|0
 390|4500|48|1|8.52|2919.9|697|2|1|1|0
 392|7000|60|1|8.52|3095.74|995|2|1|1|0
 394|15000|24|0|8.22|36752|21364.79327|2|0|0|0
 395|8000|36|0|8.22|2817|250|2|0|0|0
 396|4000|36|0|8.82|1867.66|530|1|1|1|0
 397|9000|48|1|8.82|2630.7|440|2|0|0|1
 398|8000|12|1|3.78|4839.34|1916|2|0|1|0
 399|5000|48|1|8.52|2470.16|182.25|2|0|1|0
 400|9000|48|1|7.26|2424.5|190|1|1|1|0
 401|10000|48|1|8.52|6284.98|953.75|2|0|0|1
 402|6000|48|1|8.82|2744.99|854|2|0|0|0
 403|4000|48|1|8.82|4986.54|736|2|1|1|0
 404|5000|48|1|8.16|2577.87|840|2|1|1|0
 405|7000|12|0|4.31|5198.91|1|1|0|0|0
 406|7500|48|1|8.52|4746.92|1800|2|0|1|0
 407|9000|60|1|8.52|1667.42|267|1|1|1|0
 408|5000|48|0|8.82|1940|945|2|1|0|0
 410|10000|48|1|8.52|1990|600|1|1|0|1
 411|10000|48|0|7.26|1790|686|2|1|0|1
 412|2000|36|1|8.82|1909.24|180|2|1|1|0
 413|4000|36|1|8.82|1279.22|610.4399986|1|1|0|0
 415|12000|60|1|8.82|2397|943.0099983|2|1|0|1
 416|4000|48|1|8.52|1380.2|334.9699993|1|1|1|0
 417|7000|60|1|8.82|1310.4|470|1|0|1|0
 418|10000|36|0|8.22|3516.82|1817.849999|1|1|0|0
 419|4000|60|0|8.52|5267|1333.333332|1|0|1|0
 420|5000|36|1|8.82|2302.77|358|2|1|1|0
 421|4000|36|1|8.52|1314.74|445|1|1|0|1
 422|10000|60|1|8.52|2651|808.5|2|0|1|0
 423|6000|60|1|8.16|2633.4|1075|2|1|1|0
 424|6000|36|1|8.22|1344.45|660|1|1|0|0
 425|10000|36|1|8.22|1404|85.16666651|1|1|1|0
 426|4000|36|1|8.82|3685.87|1000|2|1|1|0
 427|4000|36|1|8.52|1678.5|700|1|0|0|0
 428|4500|36|1|8.82|2726|304.5|1|1|1|0
 429|4000|48|1|8.82|1171.08|280|1|1|0|0
 430|3500|36|1|8.82|2631.17|426.2299995|2|1|1|0
 431|4000|12|1|3.78|2878.3|125|2|0|1|0
 432|12000|48|0|8.22|2771.28|787.9933319|2|1|0|1
 434|4000|60|1|8.82|2446.77|558|1|1|1|0
 435|4000|24|1|7.14|1955|814|1|0|1|0
 436|4000|24|1|8.82|2252|1038|1|0|0|0
 437|10000|60|1|8.52|2925|1228.496666|2|1|0|0
 438|6000|24|0|5.76|2340|771|1|1|1|0
 439|10000|60|1|8.52|3653.73|1358.179997|2|1|1|0
 440|15000|72|1|8.82|4736.66|1377.25333|2|0|1|0
 441|5000|48|1|8.82|2853|1479.583332|2|1|0|0
 442|8000|36|1|8.22|1207|260|1|1|0|0
 443|9000|36|0|8.22|3047.11|218|2|1|1|0
 444|4000|36|1|8.52|1183|517|1|1|1|0
 445|7000|12|0|4.31|3977.26|865|2|1|1|0
 446|6000|24|1|8.22|1741|423.583333|2|0|0|0
 447|4000|24|1|8.82|1129|284.166666|1|1|0|0
 448|11500|48|0|8.22|2518.02|1041.679997|2|1|0|1
 449|2500|36|1|8.52|1052|146|1|0|1|0
 450|5000|48|0|8.82|1430.55|380|1|1|0|1
 451|6000|60|0|8.82|1317.07|533|1|1|0|0
 452|8000|48|1|8.52|1923|680|1|1|1|0
 453|6000|12|1|4.31|3326.14|769|2|0|0|1
 454|8000|60|1|8.82|1393.57|717.3333321|1|1|1|1
 455|12000|60|0|8.52|3063.97|1100|2|0|0|0
 456|9000|48|1|8.52|1066.34|368.54|1|1|0|0
 457|8000|60|0|8.16|1530.06|15|1|0|1|0
 458|3000|36|1|8.52|3158.2|1080.949997|1|1|0|0
 459|12000|60|1|8.52|1476.16|683.5833321|1|1|1|0
 460|4500|36|1|7.74|1624.81|540|2|0|1|0
 461|10000|60|1|8.52|4666.66|1189.166664|2|1|1|0
 462|18000|60|1|8.82|5616.42|674.1299992|1|0|0|0
 463|5000|48|1|8.16|2573.25|930|2|1|1|1
 464|12000|60|1|8.16|3518|900|2|1|1|0
 465|7000|36|0|8.22|2816.66|348|1|1|0|1
 466|9000|48|1|8.52|2594.21|1053.239998|2|0|1|0
 467|6000|48|1|8.52|1625|843.2799988|1|1|0|0
 468|5000|24|0|8.82|1794|591.9799995|1|1|0|0
 469|21000|36|1|8.22|6231|395.1499996|1|0|1|0
 471|7500|48|1|8.52|3150|645|1|0|1|0
 472|7000|24|1|8.22|1204.12|300|1|0|0|0
 473|14000|60|1|8.16|1803.9|803.5199986|2|1|1|0
 475|10000|48|1|8.82|4803.5|1042.579998|2|1|1|0
 476|11000|60|0|8.52|2096|590|2|0|0|0
 477|4000|48|1|8.82|2244|1356|1|0|1|0
 478|5000|48|1|8.52|2473.22|710|1|1|1|0
 479|4000|36|1|8.52|1737.54|530|2|0|0|1
 480|10000|60|0|8.82|1680.7|690|1|1|0|0
 481|6000|48|1|8.52|1327.56|189|2|0|1|0
 482|5000|12|1|8.52|1878.8|786.25|1|0|0|0
 483|5000|36|1|8.82|3076.64|30|1|1|0|0
 484|10000|12|1|3.78|6147|4031.166664|2|1|1|0
 485|12000|60|1|8.16|3774.05|1299|2|0|1|0
 486|15000|60|1|8.82|2851.92|1092.709999|2|0|1|0
 487|5000|12|1|3.42|3133.66|1060|2|0|1|0
 488|12000|60|1|8.52|2930.66|749.166666|2|0|1|0
 489|4500|48|0|8.52|2251.86|586|2|1|0|0
 490|6000|36|1|8.22|2052|150|2|1|1|1
 491|6000|36|1|8.22|2008.5|790|1|0|0|1
 492|4000|24|1|7.14|3394.53|320|2|0|1|0
 493|13000|60|0|8.82|2407.45|680|2|0|1|0
 494|12000|24|1|6.84|5730|1354.75|2|0|1|0
 495|12000|60|0|8.52|2409.32|727|2|0|1|0
 496|20000|60|0|8.52|2481.74|1012.73|2|0|0|0
 498|12000|60|1|8.16|3319|747|2|1|1|0
 499|7000|48|0|8.52|2623|1081|2|0|0|0
 500|4000|60|1|8.52|950|220|1|1|1|0
 501|6000|60|1|8.82|3546.25|1300.916664|2|1|1|0
 502|10000|60|1|8.52|2011|346|1|1|0|1
 503|5000|36|1|6.72|2733|364|2|0|1|0
 504|11000|60|1|8.52|1668.42|550|2|1|1|0
 505|7500|36|1|8.22|2372.76|807|1|0|0|0
 506|15000|36|0|8.22|2015.06|700|1|1|0|1
 508|8000|60|1|8.52|2396.25|618|1|0|1|0
 509|10000|48|1|8.82|4454.87|389.666666|2|1|1|0
 510|12500|36|0|8.22|1936.43|19.91666663|1|1|0|1
 511|12000|60|0|8.82|2098.3|1128.179997|1|0|0|0
 512|11000|60|0|8.52|1405.67|482.166666|1|1|0|1
 513|4000|36|1|8.82|1454.14|515|1|1|0|0
 514|15000|12|1|3.42|16572|9581.893311|2|0|1|0
 515|4000|36|1|8.82|2116.56|450|2|1|1|0
 516|4000|48|1|8.82|6043.88|1226|2|0|1|0
 517|10000|48|1|8.52|4951.23|220|2|1|0|0
 518|10000|24|1|8.22|4594.13|540|2|0|1|0
 519|5000|24|1|5.76|2573.5|900|1|1|1|0
 520|4000|12|1|3.78|3299|1509.916664|1|0|1|0
 521|6000|60|1|8.16|2121.75|537|2|0|1|1
 524|4000|60|1|8.82|1559.57|718|1|0|1|0
 525|6000|48|0|8.52|1615|687.3699989|1|1|0|0
 526|4000|36|1|8.52|3906|115|2|1|1|0
 527|11000|72|1|8.52|1177.11|74.33333325|1|1|0|0
 528|8000|60|1|8.82|4380.03|1485|2|1|1|0
 529|4000|60|1|8.52|3205.84|1190|1|1|1|0
 530|8000|48|0|8.82|2601.3|595|1|0|1|0
 531|6000|60|1|8.82|3198.01|888|2|0|1|0
 532|12000|60|1|8.52|1584.42|731.8333321|1|0|0|0
 533|8500|60|1|8.52|3062.07|694.6699982|2|0|0|0
 534|11000|60|1|8.82|2093.38|748|2|1|0|0
 535|5000|36|1|6.72|2114.16|615.4099999|1|0|1|0
 536|6000|60|1|8.16|2022.93|539|2|1|0|0
 537|4000|24|1|7.32|4467.66|1263|2|0|1|0
 538|9000|48|1|7.26|5432.33|1783.833332|2|0|1|0
 539|7500|48|1|8.52|2855|1038|2|0|1|0
 540|3000|24|1|8.52|2961.09|1010|2|1|1|0
 541|4500|36|1|8.52|1821.5|600|1|1|0|0
 542|14000|60|0|8.82|1574.92|523.9199982|1|1|1|1
 543|8000|60|1|8.52|1337.58|582|1|0|0|0
 544|5000|48|1|8.82|2520|646|1|1|1|0
 545|7500|48|1|8.82|6038|1060|1|0|0|0
 546|4000|36|1|8.52|1797.25|680|1|1|0|0
 547|4000|36|0|8.52|1896.83|1010|1|1|0|0
 548|4000|36|1|8.82|3510|1000|1|0|0|0
 549|8500|48|1|8.82|1084|398|1|1|0|0
 550|5000|60|1|8.16|1706|700|1|0|1|0
 551|10000|48|0|8.52|3061.35|1187|2|0|0|0
 552|6000|36|1|8.22|2434.33|580|2|0|1|0
 553|5000|36|1|8.82|3207|802|2|0|1|0
 554|10000|60|1|8.82|2610|1082|2|1|0|0
 555|6000|48|1|8.52|1686.45|480|1|1|1|0
 556|4500|48|0|8.82|1685.91|670|1|1|1|0
 557|9500|36|1|8.22|1506.08|418|1|0|1|0
 558|20000|60|0|8.52|2620.6|932.8166657|2|0|1|0
 559|8000|60|1|8.16|2335.09|867|2|1|1|0
 560|4000|36|1|8.82|3740.24|988|2|1|1|0
 561|12000|60|1|8.52|3616.01|869.5899983|2|0|0|0
 562|7000|24|1|5.76|2101.15|490|1|0|1|0
 563|10000|48|0|8.82|1636.91|347.416666|1|1|1|0
 564|8000|48|1|8.52|2565|430|2|1|0|1
 565|14000|48|0|8.22|2336|792|2|0|1|0
 566|6000|48|0|8.52|1243.95|420|1|0|0|0
 567|8000|48|1|8.82|1808.7|650|1|1|0|0
 568|12000|60|1|8.52|1520|324|2|1|1|0
 569|12000|60|1|8.52|3656.58|253.333333|2|1|1|0
 570|4000|24|1|8.82|3497.42|604|2|1|1|0
 571|10000|60|1|8.52|3901.99|850.3099995|2|0|1|0
 572|5000|36|1|8.82|2373.5|792.0199986|2|1|0|0
 573|15000|36|1|8.22|9321.83|5297.46666|1|1|0|0
 574|15000|60|0|8.82|3950.41|235.3699999|2|1|1|0
 575|16500|72|1|8.82|3094|839.2999992|2|1|0|0
 577|4000|60|1|8.82|1674.31|700|1|1|1|0
 578|5000|60|0|8.52|1205|460|1|0|1|0
 579|4000|36|0|8.82|3369.15|1056|2|0|1|0
 580|4000|48|0|8.82|2122|600|1|0|1|0
 581|6000|60|1|8.82|2683|590.5|1|0|1|1
 582|10000|60|1|8.16|6226.14|112|2|1|1|0
 583|4000|36|0|8.52|4649.01|1230|2|1|0|0
 584|6000|60|0|8.16|1162.66|290|1|1|1|0
 585|8000|60|0|8.52|4763.41|508.333333|2|1|1|0
 586|15000|60|0|8.52|3207.86|927.166666|1|1|1|1
 587|4000|36|0|8.52|1879.69|200|1|0|0|0
 588|6000|60|1|8.52|2692.95|691.1699982|2|1|0|0
 589|10000|48|0|7.26|2256.92|446.0799999|1|0|1|0
 590|6000|48|0|9.48|1637.25|497|1|1|1|0
 591|10000|60|1|8.16|3209.15|983.0199986|2|1|1|0
 593|15000|60|1|8.82|3257.79|627.5833321|2|1|1|0
 594|6000|24|1|7.14|3100.37|1171|2|0|1|0
 595|20000|60|1|8.52|4095.66|1048.839996|2|1|1|0
 596|14000|36|0|8.22|1771.82|673|1|1|1|0
 597|4500|36|1|8.52|1043.43|70|1|0|1|1
 598|7000|60|1|8.16|1863.36|800|2|1|0|0
 599|8000|60|1|8.52|3794.05|1425.75|2|0|1|0
 600|8000|48|0|8.82|3416.18|1500|2|0|0|0
 602|9500|36|1|8.22|1906.51|250|2|0|1|0
 603|10000|36|1|8.22|2504.74|600|2|0|1|0
 604|4000|60|0|8.82|2149.8|594.5499992|1|1|1|0
 607|6000|24|1|8.22|1633.73|538.0699997|1|0|0|0
 608|7500|48|1|8.52|1819|660|1|1|0|0
 609|5000|36|1|8.52|3565.73|354|1|1|1|0
 611|12000|60|1|8.82|1280|524|1|0|0|0
 612|3500|36|1|8.52|3822.25|159|2|1|1|0
 613|9000|48|1|8.82|3866.2|1050|2|0|0|0
 614|5000|48|1|8.52|2646.38|1129.166664|2|0|1|0
 615|10000|48|1|7.26|3228|830|2|1|1|0
 616|10000|24|1|5.76|2415.99|700|2|0|1|0
 617|4000|24|0|7.32|2747.62|1000|1|0|1|0
 618|11000|60|1|8.52|2261|500|2|1|1|0
 619|13000|60|1|8.52|2768.69|620|2|0|1|0
 622|10000|48|1|8.82|2809.31|756.0299988|2|0|1|0
 624|5500|48|1|8.82|3207.8|654|2|0|0|0
 625|1500|24|1|8.82|3597|474.666666|1|0|1|0
 626|8000|12|0|4.31|3477.24|1617|1|1|1|0
 627|13000|60|1|8.52|4669.08|1335|2|1|1|0
 628|15000|60|1|8.82|1747.41|227|2|1|1|0
 629|4000|48|1|8.52|1211.46|538|1|0|1|0
 630|7000|48|1|8.82|1400|493|1|0|0|0
 631|6000|24|1|7.14|1436|30|2|0|1|1
 632|2000|36|1|8.82|3705|398|1|1|1|1
 633|5000|60|1|8.82|2004.16|499|2|1|1|0
 634|6000|60|1|8.82|2961|659|2|0|1|0
 635|11000|60|0|8.52|2344.33|833|2|0|0|0
 636|12000|60|0|8.82|2410.95|670|2|1|0|0
 637|10000|48|1|8.52|4596.17|1978|2|1|1|0
 638|6500|48|1|8.52|1043.42|150|1|0|0|1
 639|6000|36|1|8.22|2366.69|381|1|1|1|0
 640|4000|36|1|8.82|2836.68|207.6666665|2|1|1|0
 642|12500|72|1|8.52|1739|150|2|1|0|0
 643|4000|36|1|8.52|3182.41|209.25|2|1|0|0
 644|6000|48|1|8.52|1872|670|1|0|0|1
 645|15000|60|1|8.82|3132.5|1595.809998|1|1|1|0
 646|10000|60|1|8.52|3639.67|520|2|1|1|0
 647|8500|48|1|8.52|1159.16|350.6299992|1|0|1|0
 648|6000|36|0|8.22|894.34|275|1|0|0|0
 649|13000|72|1|8.52|1584.96|772|1|1|0|0
 650|10000|60|1|8.52|1613.95|430|1|0|1|1
 651|4000|24|1|8.52|1159|233|1|0|0|0
 652|4000|48|0|8.52|3555|1177.333332|2|1|0|0
 653|13000|60|1|8.82|5871|1730|2|1|1|0
 654|9000|36|1|8.22|2034.16|36.33333325|2|0|1|0
 655|10000|60|0|8.82|2500|152|1|0|1|0
 656|5000|36|0|8.52|2128.75|686|1|1|1|0
 657|8500|60|1|8.52|3024.95|1247|2|1|0|1
 658|6500|48|1|8.52|1083|180|1|1|0|0
 659|4000|36|1|8.52|1699|810|1|1|0|1
 660|10000|48|1|8.82|2299.37|700|2|0|0|0
 661|4000|36|0|8.52|4182.05|1200|2|0|0|0
 662|7000|48|1|8.82|3549|1030|2|1|0|0
 663|5000|36|1|8.52|1842.38|590|2|1|1|0
 664|7500|24|0|8.22|1166.42|60|1|1|0|0
 665|7000|48|0|8.52|1448.65|644.75|1|1|0|0
 666|10000|36|1|8.22|2507.66|117|2|0|1|0
 667|8000|60|0|8.52|1835.9|350|2|0|1|0
 668|2500|24|0|8.82|1745.25|700|1|1|1|0
 669|14000|72|1|8.52|4003|520|2|0|1|0
 670|12000|48|1|8.22|7325.78|3784.5|2|0|1|0
 672|5000|36|0|8.52|1431|470|1|1|0|0
 673|10000|60|1|8.52|2355|500|2|0|0|0
 674|8000|12|0|3.78|5100|500|1|0|1|0
 675|11000|60|1|8.52|1934.24|892.5|1|0|0|0
 676|5000|36|1|6.72|4338|1108.98|2|0|1|1
 677|10000|60|0|8.52|3335.66|1200|2|0|1|0
 678|6000|36|1|8.22|3132|1063|2|1|1|0
 680|15000|24|1|8.22|4234.47|1697.25|2|0|0|0
 681|10000|36|0|8.22|2389.54|1247|1|1|1|0
 682|6000|48|1|8.52|1500.12|700|1|1|0|0
 683|7000|24|1|5.76|6862.31|1979.339996|2|1|1|0
 685|6500|48|1|8.52|3910.11|1435|2|1|0|0
 686|6000|48|0|8.52|6471|1310|2|1|0|0
 687|12000|60|1|8.16|2815.78|655|2|1|1|0
 688|8000|60|1|8.52|1857.73|493.1299992|2|1|0|0
 689|6000|60|1|8.52|1700.33|641|2|1|0|0
 690|3000|36|1|8.52|2152.82|880|2|1|0|0
 691|20000|72|1|8.52|3107.68|705.4799995|1|1|1|0
 692|4000|48|0|8.52|4354.36|2000|1|0|0|1
 693|18000|24|1|7.02|11670|1952.333332|1|0|1|0
 694|5000|36|1|8.52|2667.03|540|2|1|0|0
 695|6000|36|1|8.22|3086|510|2|0|1|0
 696|7000|60|1|8.82|2454.96|745|2|0|1|0
 697|4000|60|1|8.52|2003.08|700|1|0|1|1
 698|5000|36|1|8.52|2231.16|965.166666|2|1|0|0
 699|15000|60|1|8.52|2165|951.3799992|2|1|0|0
 700|6000|48|0|8.52|1544.13|440|1|0|1|0
 701|5000|48|1|8.52|1223|394|1|1|0|0
 702|4500|48|1|8.52|1840.63|526|2|1|0|0
 703|6000|48|1|8.52|1085.93|130|1|1|0|0
 704|10000|60|1|8.52|1312.94|89|1|1|0|0
 706|4000|36|1|8.82|2422.08|766.3399983|2|0|1|0
 707|12000|60|1|8.52|3544.08|414.4099999|2|1|1|0
 708|4000|12|1|3.78|2751|241|1|1|1|0
 709|5000|60|1|8.16|2599.61|632|2|1|1|0
 712|4000|12|1|8.52|3138.91|1453|2|0|0|0
 713|4500|36|0|8.52|1210.78|525|1|1|0|1
 714|10000|12|1|4.31|3678.3|1089|1|0|0|0
 715|5000|48|0|8.52|1395.42|536|1|1|1|0
 716|4000|36|1|8.52|2796|1093|2|0|0|0
 718|8000|48|1|8.52|3601.6|1142.939999|2|1|0|1
 720|8000|60|1|8.52|1663.38|409|2|1|1|0
 721|4000|12|0|8.52|2035.85|740|1|0|0|0
 722|10000|60|1|8.52|1673.39|700|1|0|1|0
 723|10000|48|0|8.52|1886.74|47|2|1|1|0
 724|6000|48|1|8.52|2461.08|700|2|1|0|1
 725|5000|36|1|8.52|2529.96|1228.939999|1|0|1|0
 726|4000|36|1|8.52|3128|970|2|1|1|0
 727|6000|36|0|8.22|4901.31|893.666666|2|1|0|0
 728|5000|36|1|8.52|2538.75|610|2|0|1|0
 729|4000|48|0|8.52|2003|1046.216663|2|1|0|0
 730|12000|60|1|8.52|2435.38|510|2|0|1|0
 731|12000|72|1|8.52|3109|1098|2|1|1|0
 732|4000|48|0|8.52|3806.72|1430|1|1|1|0
 733|10000|36|1|8.22|4614|3619.333328|1|1|0|0
 734|8000|60|1|8.52|1936.43|715|2|1|1|0
 737|10000|60|0|8.52|2509.1|854.3199997|2|0|0|0
 739|10000|12|1|3.78|10691.16|748|2|0|1|0
 741|9500|48|1|8.52|3291.1|765|2|1|0|0
 742|4000|24|1|7.14|2350|835|2|0|1|0
 743|10000|60|1|8.52|2420.78|455|2|1|1|0
 744|4000|36|0|8.52|3003|1167|1|0|1|0
 745|12000|48|1|8.52|3466.66|394.166666|2|1|1|0
 746|4000|24|1|7.32|1250|200|1|1|1|0
 747|12000|24|1|7.02|4395.67|620|2|0|1|0
 748|7000|60|1|8.52|2902.45|750|2|1|1|0
 749|6000|48|0|8.52|1277|350|1|0|0|0
 750|14500|48|1|8.22|3004|1916.833332|1|0|0|1
 751|2000|36|1|8.82|2132|1177|2|0|1|0
 752|4000|24|1|8.52|1404.68|477|1|0|0|0
 753|6000|48|0|8.52|1342.27|410|1|1|1|0
 754|20000|72|1|8.52|3865.51|1340.66|2|1|0|1
 756|8000|24|1|5.76|3356.86|768.6699982|1|1|1|0
 757|2000|36|0|8.52|1310.3|590|1|0|0|0
 758|5000|36|1|8.52|2958.37|740|2|1|0|0
 759|10000|36|1|6.72|2822|1530|1|1|1|0
 761|8000|60|1|8.82|2515|895.916666|2|0|1|0
 762|6000|60|0|8.52|1564.32|30|2|0|0|0
 763|5000|36|1|8.52|2907.79|1290.086666|2|0|0|0
 764|16000|60|1|8.52|3216.08|1269.669998|2|0|0|0
 765|7000|48|0|8.52|2821.15|1190|2|1|0|0
 766|5000|48|1|8.52|1423|635|2|1|0|1
 767|10000|48|0|8.52|1748.34|647.666666|1|1|1|1
 768|8000|60|1|8.52|3871.4|999.8333321|2|1|1|0
 769|10000|48|0|8.52|2059.41|934|1|1|1|0
 770|6500|36|1|8.22|1586|450|1|1|0|0
 771|7000|36|1|8.22|1212.19|30|1|0|0|0
 772|9000|36|1|8.22|2625.91|230.833333|2|1|1|0
 773|6000|24|0|7.14|2529.05|725.6699982|1|1|1|0
 774|4000|36|0|8.52|1306.26|525|1|0|0|0
 775|4000|24|1|7.14|2160|174.7166662|1|1|1|0
 776|4500|36|0|8.52|2431.28|699.0099983|2|0|1|1
 777|4000|24|1|8.52|2849.58|1120|2|1|1|0
 778|13000|60|1|8.52|2968.9|364|2|1|1|0
 779|4500|36|0|8.52|1076|340|1|1|0|1
 780|5000|48|0|8.52|1614.82|831.666666|1|1|0|1
 781|9500|60|0|8.52|1423.68|470|1|1|0|0
 782|10000|48|1|7.26|1796|497|1|0|1|0
 783|4000|48|1|8.52|3120|1800|2|0|1|0
 784|6000|36|0|8.22|1478|670|1|0|0|0
 785|7000|60|0|8.52|2369.43|725|2|1|0|0
 786|10000|48|0|8.52|2393.07|698|2|1|1|0
 787|6500|24|0|5.76|1689.29|328|1|0|1|0
 789|7000|60|0|8.52|1258.3|687.9299984|1|0|1|0
 790|9000|48|1|8.52|3060|600|1|1|1|1
 791|5500|48|1|8.52|3207.8|654|2|0|1|0
 792|5000|60|0|8.16|1135|100|1|0|1|0
 793|5000|48|1|8.52|1159|30|1|1|1|0
 794|4000|60|1|8.52|3286.66|1504|2|0|1|0
 795|8000|48|0|8.16|2201|607|2|1|0|0
 796|10000|12|1|4.31|2426.58|263.583333|1|0|1|0
 797|4000|36|1|8.52|1943.5|743|1|1|0|0
 798|9000|60|1|8.16|2435.25|138|2|1|0|0
 799|12000|60|1|8.52|5495|2368.199997|1|1|1|1
 800|8000|36|0|8.22|1512.42|510|1|0|0|0
 801|20000|60|0|8.52|3061|1167.48|2|1|1|0
 802|8000|60|1|8.52|2845.11|405|2|1|1|0
 803|10000|48|0|8.52|2115|866.5833321|1|1|1|0
 804|15000|60|1|8.52|2923.6|1559.469997|2|1|1|0
 806|4000|48|1|8.82|2383.33|689|1|0|1|0
 807|2000|36|1|8.52|1072|470|1|1|0|1
 808|10000|48|1|8.52|2528.95|797.166666|2|1|1|0
 809|16500|60|0|8.52|2750.08|907.3333321|2|1|0|1
 810|10000|48|1|8.52|2420.65|600|1|1|0|0
 811|8000|24|1|8.22|6530.57|3562.25|2|1|1|0
 812|9000|36|1|8.22|4144.09|300|2|0|1|0
 813|17000|48|1|8.22|3431|1008|2|1|1|0
 814|4000|60|1|8.82|5750.13|1454|1|1|1|0
 815|5000|36|1|8.52|3130|239|1|1|1|0
 816|15000|48|1|8.22|3127.34|1548.859997|1|1|0|0
 817|1500|36|1|8.52|1087.04|507|1|1|1|0
 819|4000|36|1|8.52|1737.99|700|1|1|1|0
 820|4500|36|1|8.52|3552.25|900|1|1|1|0
 822|7500|48|1|8.52|1605.5|550|1|0|0|1
 823|14000|48|1|8.22|2869.75|1049.833332|1|1|0|1
 824|5000|36|0|8.52|1488|637|1|1|0|0
 825|4000|36|1|8.52|2315.3|289|2|1|1|0
 826|4000|36|1|8.52|3775|1115.779999|2|0|1|0
 827|5000|48|0|8.52|3061.44|1345|2|0|0|0
 828|8000|48|0|8.52|1838.89|480|2|0|0|1
 830|4000|36|1|8.52|1426.97|529|1|1|0|0
 831|7500|48|1|8.52|10953.18|2492.109993|2|1|0|1
 833|4000|48|1|8.52|3068.51|500|1|1|1|0
 834|6000|48|1|8.52|1829.39|230|1|0|1|0
 835|4000|48|0|8.52|2977.28|535|2|0|1|0
 837|11000|48|1|8.22|3003.39|655|2|0|1|0
 838|6000|48|1|8.52|1583|660|1|0|1|0
 839|15000|72|1|8.52|2154.75|1054.166664|1|1|0|0
 840|5000|36|0|8.52|2047.5|930|1|1|0|0
 842|7500|60|1|8.16|2133|939|2|1|1|0
 843|21500|48|1|8.22|3247.5|1589.14333|2|0|0|0
 844|8000|36|0|8.22|3990.25|349.666666|1|0|1|0
 845|4000|36|1|8.52|1347.42|550|1|1|1|1
 846|8000|36|1|8.22|2231.58|1107|1|0|1|0
 847|9500|36|1|8.22|1706.83|537|1|0|1|0
 848|6500|48|1|8.52|2312.8|569|2|1|0|0
 849|6000|48|0|8.52|5162.68|1635.553333|2|0|1|0
 850|10500|48|1|8.52|2184|819|2|0|1|0
 851|5000|60|1|8.52|1820.25|700|1|1|1|0
 852|6000|36|1|8.22|2376.75|745|2|0|0|0
 853|5000|36|0|8.52|2413|750|2|0|1|0
 854|13000|36|1|8.22|3602.74|470|2|1|1|0
 855|7000|48|0|8.52|2703.22|380|2|1|1|1
 856|12000|60|1|8.52|2656.52|550|2|1|0|0
 857|4000|36|0|8.52|1746.16|780|1|0|1|1
 859|10000|48|1|8.52|9116|3842.25|2|0|1|0
 860|4500|36|1|8.52|2059.5|600|2|0|1|0
 861|4000|24|1|8.52|2796|445|2|0|0|0
 862|4000|36|0|8.52|2234.97|830|1|1|1|0
 863|5000|36|1|8.52|1761|920|1|0|1|1
 864|6000|48|1|8.52|1463.72|399|1|0|0|0
 865|5000|48|1|8.52|1970|587|2|1|1|1
 867|6000|60|1|8.52|2739|526.25|2|1|1|0
 868|4000|24|1|8.52|7300|2647|2|0|1|0
 869|8000|60|1|8.52|2673.35|795.5499992|1|0|1|0
 870|8000|60|0|8.52|1499.31|715|1|1|0|1
 871|6500|48|1|8.52|2378.5|710|1|1|1|0
 872|10000|60|1|8.52|2756|569|1|0|1|0
 873|6000|60|1|8.52|8388.39|2233.519997|1|1|1|1
 874|5000|24|1|8.52|2350.43|1232.489998|2|0|1|0
 875|8000|36|0|8.22|3733.16|733.4199982|2|1|1|0
 876|4000|48|0|8.52|1183|395|2|1|0|0
 877|4000|48|1|8.52|1523|431|1|1|1|0
 878|7500|60|1|8.52|1810.45|365|2|0|1|0
 879|13000|72|0|8.52|2626.99|1240|2|1|1|0
 880|12000|60|0|8.52|3763.06|1250.083332|2|1|0|0
 881|10000|60|1|8.52|2710|660|2|1|0|0
 882|10000|48|1|8.52|3436.54|511.333333|2|0|1|0
 883|6500|60|0|8.52|3883.9|970|2|1|1|0
 884|10000|60|0|8.52|2157.76|739|2|1|1|0
 885|6000|60|1|8.52|3230.82|1299.549999|2|0|1|0
 886|4000|36|0|8.52|2152|730|2|0|1|0
 887|12000|60|1|8.52|4342.54|970|2|1|0|0
 888|5000|48|1|8.52|2108.58|631.6899986|2|1|1|0
 890|9500|48|0|8.52|2390.52|787|2|1|0|0
 891|4000|24|0|8.52|4184.37|2500|1|1|0|0
 892|12500|60|0|8.52|2623.75|842|2|0|1|0
 893|10000|36|0|8.22|3249.19|460|2|1|0|1
 894|4000|24|1|7.32|2247.72|800|2|0|1|0
 895|12000|60|0|8.52|3677.62|1912|1|1|1|0
 896|3500|36|1|8.52|1521|543|1|0|1|0
 897|5000|48|1|8.52|3176.77|860|2|0|1|0
 898|14000|60|1|8.52|3793.26|734.0833321|2|0|1|0
 899|3000|24|0|8.52|2442.76|821|2|1|0|0
 900|3000|24|1|8.52|2259.83|900|1|1|1|0
 901|6000|36|1|8.22|1134.57|250|1|1|0|0
 902|6500|48|1|8.52|300|300|1|1|1|0
 903|5000|24|0|8.52|3187.16|449|1|0|1|0
 904|13000|60|1|8.52|3462.41|685|2|0|1|1
 905|6000|36|1|8.22|1853.06|470|1|0|0|0
 906|12000|36|1|8.22|7469|2696.666664|2|1|0|0
 907|6500|48|1|8.52|2266.26|152|1|0|1|0
 908|8000|60|1|8.52|2306|856|1|1|0|0
 909|8000|48|1|8.52|1998.75|700|1|0|1|1
 910|6000|60|1|8.52|1326.46|376|1|1|0|0
 911|10000|60|1|8.52|3901.99|850.3099995|2|1|1|0
 912|6500|36|1|8.22|7362.29|1500|2|0|1|0
 913|4000|12|1|6.72|3598.95|790|2|0|1|0
 914|8000|48|1|8.52|1274.23|543|1|1|0|0
 915|10000|48|1|8.52|2689.79|1042|2|1|0|1
 916|11000|72|1|8.52|1809.59|795|2|1|1|0
 917|20000|60|1|8.52|2580.59|903.1999989|2|1|0|0
 918|14000|60|0|8.52|1613.04|450|2|1|1|0
 919|4000|36|0|8.52|1779.5|633|2|0|0|0
 920|4000|36|1|8.52|1088.38|180|1|1|1|0
 921|12000|60|1|8.52|3034.32|1000|2|1|0|0
 922|6500|36|1|8.22|2201.8|644|1|0|0|0
 923|9000|48|1|8.52|2848|606|2|1|1|0
 924|4500|36|1|8.52|12743.37|800|2|1|0|0
 925|7000|48|1|8.52|2838.39|700|2|1|1|0
 926|4000|36|1|8.52|1183|295|1|0|0|0
 927|7500|48|0|8.52|2408|1030|1|0|0|0
 928|4000|36|1|8.52|1700.47|220|1|1|1|0
 929|4000|36|1|8.52|1691.97|676|2|1|1|0
 930|15000|60|1|8.52|2854.41|1329.443333|2|0|1|0
 931|8000|60|1|8.52|2061.88|620|1|1|1|1
 932|10000|36|1|8.22|6624|549.166666|1|0|1|0
 933|10000|60|0|8.52|1566.28|384.75|1|0|1|0
 934|10000|48|1|8.52|1966|1030|1|0|0|0
 935|14000|60|1|8.52|2418.44|730|2|1|1|0
 936|10000|36|0|8.22|1956.5|832.25|1|1|1|0
 937|4500|36|1|8.52|1519|550|1|0|0|0
 938|15000|36|1|6.72|5067.05|2152.719994|2|0|1|0
 939|7000|48|0|8.52|5199.48|1002.509998|2|1|1|0
 940|7500|60|0|8.52|1207|232|1|0|0|0
 941|20000|48|1|8.22|5714.77|1789.66|2|1|0|0
 942|4500|36|0|8.52|1243.95|334|1|1|0|0
 943|4000|24|0|8.52|1212.9|400|1|1|0|0
 944|9000|48|0|8.52|1540.78|134.583333|1|1|0|0
 945|8500|60|1|8.52|2215.89|511|2|0|1|0
 946|8000|36|1|8.52|2844.27|600|1|1|1|0
 947|13000|48|0|8.22|2919.14|1017.076666|2|1|1|0
 948|5000|60|1|8.52|4394.67|335|1|1|1|0
 949|15000|72|1|8.52|2670.63|1123.899998|2|1|1|0
 950|4000|36|1|8.52|3505|656|2|0|1|0
 951|7500|48|1|8.52|922.74|277|1|0|0|0
 952|5000|48|1|8.52|3506.96|532|1|1|1|0
 953|4000|60|1|8.52|842.66|60|1|0|1|0
 954|14000|60|1|8.52|3541.99|1629.519997|2|1|1|0
 955|12500|36|1|8.22|2413.1|1210|1|1|0|1
 956|4000|24|1|8.52|2204.8|870|2|0|0|0
 957|4000|36|1|8.52|1994.2|524|1|1|0|0
 958|7000|36|1|8.22|1594.67|669|1|1|0|1
 959|10000|36|1|8.22|4822.33|2139.5|1|1|1|0
 960|7000|60|1|8.52|3674.91|1829|2|0|1|0
 961|4000|60|1|8.52|5527.06|609.7999992|2|1|1|0
 962|4000|36|0|8.52|1045.69|450|1|0|1|0
 963|10000|48|1|8.52|2172|520|2|1|0|1
 964|5000|36|1|8.52|2631|650|2|1|1|0
 966|6000|48|1|8.52|2763.49|990|2|0|0|0
 967|3000|36|1|8.52|4315.55|800|2|1|1|0
 968|10000|48|0|8.52|1497.12|733.0833321|1|1|0|0
 970|11500|60|1|8.52|2791|458|2|1|1|0
 971|4000|48|1|8.52|3422.98|1326.269997|2|1|1|0
 972|21500|12|1|4.31|3526.7|244.6499996|2|0|1|0
 973|12000|60|0|8.52|1991.91|850|1|1|0|0
 974|6000|48|1|8.52|1389|599|1|0|0|0
 976|6500|48|1|8.52|1463|497.166666|2|1|1|0
 978|4000|24|1|8.52|2158|409.6999998|1|0|0|0
 979|5000|36|1|8.52|1268.08|350|2|1|0|0
 980|4000|36|1|8.52|1690|575|1|1|0|0
 981|7500|48|1|8.52|2596.3|45|1|0|1|0
 982|10000|48|0|8.52|2649.83|1039|1|1|0|0
 983|7500|48|0|8.52|1973|950|1|1|1|0
 984|4000|24|1|8.52|3096.11|347|2|1|1|0
 985|21000|36|1|8.22|4068.17|483.583333|1|1|0|0
 986|7500|48|1|8.52|1834.08|777|2|0|0|0
 987|13000|72|1|8.52|2429|545|2|1|0|0
 988|5000|24|0|8.52|4225|1000|1|0|1|0
 989|7000|48|1|8.52|1159|291|1|1|1|0
 990|8000|48|0|8.52|1937|1180|1|1|0|0
 991|4000|48|1|8.52|1573.4|626|1|1|1|0
 992|4000|36|0|8.52|1852.33|530|1|0|1|0
 993|8000|36|1|8.22|2802.08|609|2|1|0|0
 994|4000|36|1|8.52|2618|750|1|0|1|0
 995|5000|24|1|8.52|3194.43|1508|2|0|1|0
 996|2000|36|0|8.52|4392.64|3091.916664|1|1|1|0
 997|4000|24|1|7.32|2811.91|950|2|0|1|0
 998|13000|72|0|8.52|1372.59|389|1|0|1|0
 999|6000|60|1|8.52|1399.78|575|1|1|0|0
1000|6000|48|0|8.52|1501|30|2|0|0|0
1001|6000|60|0|8.52|1712.8|725|1|0|0|1
1002|10000|48|0|8.52|2978.64|1060|1|0|0|1
1003|14000|60|1|8.52|3827.41|1445|2|0|1|0
1006|6000|36|0|8.22|2845|785|1|0|1|1
1008|4000|24|1|7.14|2166|600|1|1|1|1
1009|8000|60|0|8.52|3257.57|910|2|1|1|0
1010|4000|12|1|3.78|3000|500|1|0|1|0
1011|3000|36|0|8.52|9420|2728.583328|2|1|0|0
1012|6000|60|0|8.52|1325.15|521.9499989|1|1|1|0
1013|6000|36|1|8.22|4260.78|1745|2|1|1|1
1014|5000|48|1|8.52|3826.67|927|2|0|1|0
1015|4000|36|1|8.52|2564.61|1179.91|2|0|1|0
1016|4000|36|0|8.52|1560|540|1|0|0|1
1017|7000|60|1|8.52|2521.12|970|2|0|0|0
1018|5000|36|1|8.52|1320.65|353|1|0|0|1
1019|20000|60|1|8.52|2831|474|2|0|1|0
1020|10000|36|0|8.22|3549|900|1|1|1|0
1021|15000|60|0|8.52|3393.09|734.3599987|2|0|1|0
1022|4000|36|0|8.52|4268|1025|2|0|0|0
1023|5000|48|1|8.52|2527.82|1036.079998|1|0|1|1
1024|10000|60|1|8.52|1412.23|444|2|1|1|0
1025|4000|48|1|8.52|3212|495|2|1|1|0
1026|5000|36|1|8.52|1470.89|243|2|0|1|1
1027|5000|36|0|8.52|1426.75|830.666666|1|1|0|1
1028|4000|48|1|8.52|1617.51|209|2|0|1|0
1029|6000|12|0|4.31|2340|330|1|0|0|0
1030|2000|24|1|8.52|1724.69|90|2|1|1|0
1031|10000|60|1|8.52|2275.03|1400|1|0|1|0
1032|13000|60|1|8.52|6002.16|2361.333328|2|0|1|0
1033|12000|60|0|8.52|3941.09|414|1|1|1|0
1034|5000|48|1|8.52|3087|500|1|1|0|1
1035|4000|48|0|8.52|1243.15|560|1|1|0|0
1036|10000|36|0|8.22|4907.25|2862.746666|1|1|1|0
1037|4000|36|1|8.52|1205.39|60|2|1|0|0
1038|9000|48|0|8.52|2783.69|760|2|0|0|0
1039|5000|36|0|8.52|5503|1188|1|1|1|0
1040|7500|60|0|8.52|3837.15|904.166666|2|0|0|0
1041|13000|60|1|8.52|3158.53|1232.5|2|0|0|0
1042|12000|48|1|8.22|2559.52|700|2|1|1|0
1043|5000|48|1|8.52|1782.5|440|2|1|1|1
1044|6000|48|0|8.52|1086.03|287.3299999|1|1|0|0
1046|12000|60|0|8.52|2011.82|420|2|0|1|0
1047|17000|60|1|8.52|2373|748.2199993|2|1|1|0
1048|8000|36|0|8.22|1862.64|750|2|1|0|0
1049|5000|12|1|3.78|6189|1140|2|0|1|0
1050|9000|48|1|8.52|4322.47|1832|2|0|1|0
1051|6000|48|0|8.52|1964.73|983.0099983|2|1|0|0
1052|8000|60|1|8.52|2437|578.3333321|2|1|0|0
1053|4000|48|0|8.52|2366.05|620|2|1|1|1
1054|8000|36|0|8.22|1930.63|320|1|0|0|0
1055|6000|36|1|8.52|3606.41|1205.916664|2|1|1|0
1056|4000|36|0|8.52|2207|341.8399992|1|0|1|0
1057|20000|48|1|8.22|12532|3653.583328|2|0|0|0
1058|2000|24|0|8.52|3746.23|951.25|2|1|1|0
1059|15000|60|1|8.52|3691.41|218.75|1|1|0|1
1060|8500|60|0|8.52|2782.08|1616.609997|1|0|0|0
1061|4000|36|1|8.52|1916|950|1|0|0|0
1062|6000|36|1|8.22|2920.01|1390|2|1|1|0
1063|5000|36|1|8.52|1549.52|445|2|0|1|1
1064|5000|36|1|8.52|3360.94|1410|2|0|1|0
1065|6000|48|1|8.52|1370|273.583333|1|1|0|0
1066|11000|60|0|8.52|3679.83|490|2|0|0|0
1067|10000|60|1|8.52|3354|1360|1|1|1|0
1068|7000|36|0|8.22|1774.67|150|1|0|0|0
1069|4000|36|0|8.52|1400|647|1|1|0|0
1070|6500|36|1|8.22|2184|880|2|0|1|0
1071|6000|48|1|8.52|2473|600|1|1|1|0
1072|7000|48|1|8.52|2449.99|1055.559998|2|1|1|0
1073|12000|60|1|8.52|1887.02|365|1|1|1|0
1074|7500|24|0|8.22|4267|1279|1|0|1|0
1075|4000|36|1|8.52|2164.49|932|1|1|0|1
1077|8500|48|1|8.52|1622.18|538|2|0|1|0
1078|6500|36|1|8.22|5702.26|1112|2|0|1|0
1079|6500|48|1|8.52|3249.24|514|2|0|1|0
1080|6000|48|1|8.52|2075.85|795|1|1|0|0
1081|15000|60|1|8.52|3150|1338.333332|2|1|0|0
1083|8000|60|1|8.52|2029|508|1|1|1|0
1084|4000|24|1|7.32|6026.61|150|1|1|1|0
1085|4000|48|1|8.52|2686.16|350|2|0|1|0
1086|7000|36|1|8.22|5165.66|1636|2|0|1|0
1087|8000|60|1|8.52|1398.84|454|1|0|1|0
1088|6000|24|1|7.14|2937|918.3333321|1|0|1|0
1089|8500|60|1|8.52|3273|895.5299988|2|1|1|0
1090|5000|36|1|8.52|2049.06|883|1|1|1|0
1091|4000|48|1|8.52|1330.82|530|1|0|0|0
1093|4500|48|1|8.52|2149.29|935|1|1|0|1
1094|7000|48|1|8.52|1159.01|350|2|0|0|0
1095|6000|36|1|8.22|932.63|230|1|1|0|1
1096|4000|48|1|8.52|1243.95|383|2|1|1|0
1097|5000|36|1|8.52|3211|888.0099983|1|1|1|1
1098|5000|48|1|8.52|1131|39.58333325|1|0|1|1
1099|6000|48|1|8.52|5789.41|1100|2|1|0|0
1100|7000|48|0|8.52|4357.99|1067.583332|2|1|1|0
1104|7000|48|0|8.52|1248.09|207|1|1|0|0
1105|4000|48|1|8.52|1138|388.0199995|1|0|1|0
1106|5000|24|1|8.52|3453|1429|1|1|0|0
1107|6000|24|1|8.22|1848.81|622|1|1|1|0
1108|10000|60|0|8.52|1811.37|661.0099983|1|1|1|1
1109|10000|36|1|8.22|4342|1190|2|1|1|0
1110|6000|60|1|8.52|2360|849|2|1|0|0
1111|10000|48|1|8.52|1989|970|1|1|0|0
1112|6000|48|1|8.52|1599|395|1|1|1|0
1113|5000|48|0|8.52|2615.16|1243|1|1|0|0
1114|4000|36|1|8.52|1375.97|565|1|1|1|0
1115|4000|36|1|8.52|3438.76|1144|2|0|1|0
1116|6000|36|1|8.22|2873.2|600|2|1|0|0
1117|5000|36|0|8.52|1091.22|226|1|1|0|0
1118|5000|36|0|8.52|1172|390|1|0|0|0
1119|4000|36|0|8.52|1139.51|122|1|1|1|0
1120|4500|12|1|8.52|1455.83|390|1|1|0|0
1121|14500|60|1|8.52|1948.71|599.166666|2|0|0|0
1122|8000|48|1|8.52|5080.08|771.6299992|2|0|1|0
1123|4000|24|1|7.14|2393.45|510.7099991|2|1|1|1
1124|12000|72|1|8.52|2392|995|2|1|1|1
1125|4000|36|0|8.52|1430.47|470|1|0|0|0
1126|7000|48|1|8.52|3647.93|1625|2|0|1|0
1127|6500|48|1|8.52|1243.95|360|1|1|1|0
1128|6500|24|1|8.22|4034.41|1582.333332|1|1|0|0
1129|5000|36|0|8.52|2113.44|525|2|1|1|0
1130|5000|36|1|8.52|3763.8|997|2|1|1|0
1134|5000|48|1|8.52|2549.58|1223.799999|2|1|1|0
1135|5000|36|1|8.52|1488.36|600|1|0|1|0
1136|5000|36|1|8.52|2178.58|998|1|1|0|0
1137|7500|60|1|8.52|1787.05|705|1|1|0|0
1138|10500|60|1|8.52|3694.16|887.5|2|0|1|0
1139|8000|60|1|8.52|2467.83|450|1|1|1|0
1141|6000|48|0|8.52|2865.39|697|2|0|0|0
1142|21500|48|1|8.22|3307.13|1529.679997|2|1|1|0
1143|5000|36|1|8.52|1411.15|700|1|0|0|0
1144|6000|48|0|8.52|1868.68|597.8333321|1|0|0|0
1145|4000|48|1|8.52|1344|240|1|0|1|0
1146|7000|36|1|8.22|2409.2|1070|2|0|0|0
1147|8000|24|1|7.14|3058|354.6199999|2|1|1|0
1148|7500|48|1|8.52|3379.46|1250|1|1|0|0
1149|5000|48|1|8.52|2636.76|851|2|1|0|1
1150|6000|48|1|8.52|2052|1071|1|0|0|0
1151|10000|24|0|8.22|1638.04|390|1|0|0|0
1152|4500|36|1|8.52|2429.8|735|2|1|0|0
1153|6000|48|0|8.52|1638.5|125|1|1|1|0
1154|14500|36|1|8.22|1442.7|190.1666665|1|0|0|0
1155|21500|36|1|8.22|23462.58|12343.82666|1|1|0|0
1156|6000|60|0|8.52|2453.55|582|2|1|0|0
1157|5000|36|1|8.52|3072.82|734|2|1|1|0
1158|12000|48|1|8.22|1825|505|1|0|0|0
1159|12000|60|1|8.52|3384.73|259.666666|2|0|0|0
1162|6000|60|1|8.52|3002|876|2|1|1|0
1163|8000|36|1|8.22|8037|863|1|1|1|0
1164|10000|24|1|7.02|8549.91|700|2|1|1|0
1165|4000|36|1|8.52|2625.95|980|2|1|0|0
1166|6000|60|0|8.52|2880|940|1|1|1|0
1167|3000|36|1|8.52|4536.66|1100|2|1|1|0
1168|7500|60|1|8.52|2519.59|1086.829998|2|0|1|0
1169|12000|12|1|3.78|5730|1354.75|2|0|1|0
1170|8000|48|1|8.52|3128.99|728|2|1|1|0
1171|2000|24|1|8.52|1196.91|458.1199999|1|1|1|0
1172|4500|48|1|8.52|1389.87|490|1|1|0|1
1173|4000|24|1|7.32|3244|1130|2|0|1|0
1174|2500|36|1|8.52|2672.58|852|2|1|0|0
1176|14000|60|1|8.52|1985|400|1|0|1|0
1177|5500|48|0|8.52|1392.08|430|1|1|0|0
1178|4000|24|1|8.52|2517.66|1046|2|1|1|0
1179|13000|36|1|8.22|8161.5|6203.333328|1|0|1|0
1180|7000|48|0|8.52|3435.9|1537.949997|2|1|0|0
1181|8000|60|1|8.52|2645.66|830|2|1|0|0
1182|8000|60|1|8.52|3538|200|1|1|0|0
1183|10000|60|1|8.52|1548|402.1399994|1|1|0|0
1184|4000|60|1|8.52|1984.66|835|2|1|1|0
1185|10000|36|1|8.22|3334.64|720|2|1|0|0
1186|5000|48|1|8.52|2152.12|1060|1|0|0|0
1187|8000|48|1|8.16|2214.24|948.8099995|1|1|1|0
1188|8000|60|0|8.52|1682.37|591|1|0|1|0
1189|5000|48|0|8.52|3880.7|800|2|0|0|0
1190|12000|48|1|8.22|2678.58|826.2433319|1|1|1|0
1191|9000|60|1|8.52|1857.64|399.6699991|2|1|1|0
1192|4000|48|1|8.52|1319.5|30|1|1|1|0
1193|6500|60|1|8.52|894.34|100|1|1|0|1
1194|4000|48|1|8.52|1315.16|454|1|0|1|0
1195|6000|36|1|8.22|1389|116|1|0|1|0
1196|4000|48|0|8.52|1400.75|596|2|1|1|0
1197|8000|48|1|8.52|1561.5|109.0833333|1|1|0|1
1198|6000|48|1|8.52|1219|492|1|0|0|1
1199|15000|48|1|8.22|2302.86|200|2|0|1|0
1200|10000|48|0|8.52|1836.92|846|1|0|1|1
1201|3000|36|0|8.52|2026.8|800|1|1|0|0
1203|4500|48|1|8.52|2393.92|754|2|0|1|0
1204|9000|60|1|8.52|3363.94|1816.666664|2|1|1|0
1205|5000|48|1|8.52|3143|1070|2|1|0|0
1206|7000|48|1|8.52|4058.6|1150|1|0|1|0
1207|9000|60|1|8.52|1852.03|30|1|1|1|0
1208|4000|48|1|8.52|1535.78|405.9199991|1|0|0|0
1209|8000|60|1|8.52|3653.08|485.666666|1|0|1|0
1211|4000|48|1|8.52|3789|1200|1|0|0|0
1212|6000|60|1|8.52|1064|500|1|1|0|0
1213|7000|36|1|8.22|3587.13|850|2|0|1|1
1214|4000|48|1|8.52|3476|600|1|1|1|0
1215|7000|48|1|8.52|2880.45|200|1|0|0|0
1216|11500|48|1|8.22|1781.52|674|1|0|1|0
1217|10000|60|1|8.52|2476|1364.363331|1|1|1|0
1218|8000|60|0|8.52|4432.25|1749.5|1|1|0|0
1219|7500|60|1|8.52|2642.25|830|2|0|0|0
1220|3000|36|1|8.52|2384.13|605|2|1|1|0
1221|3000|12|1|8.52|1777.13|473|1|1|0|0
1222|20000|12|1|4.31|3342.57|420.5799999|2|0|1|0
1223|14000|60|1|8.52|1997.58|692|2|0|1|0
1224|6000|60|0|8.52|1757.34|581|2|0|0|0
1226|4000|36|0|8.52|1111|521.4299984|1|0|0|0
1227|10000|60|1|8.52|2738.98|289|2|0|1|0
1230|11000|72|1|8.52|1649.25|730|2|0|0|1
1231|21500|60|1|8.52|3118.19|365.5633326|2|0|1|0
1232|4000|36|1|8.52|2834.46|216|1|0|1|0
1233|9000|48|1|8.52|2848|606|2|1|1|0
1234|9000|48|1|8.52|2848|606|2|1|1|1
1235|4000|24|1|8.52|3048.75|1069|2|1|1|0
1236|4000|24|0|7.32|1757.91|608.3299999|1|1|1|0
1237|5000|60|1|8.52|1262|210|2|1|1|0
1238|9000|36|1|8.22|2034.16|36.33333325|2|1|1|0
1239|7000|48|1|8.52|1264.5|315|1|1|0|0
1240|5000|48|1|8.52|3324|1425|2|1|0|1
1242|4000|36|0|8.52|1703.73|711|2|0|1|0
1243|4000|12|1|3.78|2082.47|468|2|0|1|0
1244|8000|36|0|8.52|3003.6|651.3799992|2|0|1|0
1245|8000|24|0|7.14|2500|454|1|1|1|0
1247|7000|24|1|5.76|3475.33|1048|1|0|1|0
