24.7,5.7,30.8,69.6,75.5,600,1,Albania
12.5,11.9,14.4,68.3,74.7,2250,1,Bulgaria
13.4,11.7,11.3,71.8,77.7,2980,1,Czechoslovakia
12,12.4,7.6,69.8,75.9,*,1,Former_E._Germany
11.6,13.4,14.8,65.4,73.8,2780,1,Hungary
14.3,10.2,16,67.2,75.7,1690,1,Poland
13.6,10.7,26.9,66.5,72.4,1640,1,Romania
14,9,20.2,68.6,74.5,*,1,Yugoslavia
17.7,10,23,64.6,74,2242,1,USSR
15.2,9.5,13.1,66.4,75.9,1880,1,Byelorussian_SSR
20.7,8.4,25.7,65.5,72.7,2370,2,Argentina
46.6,18,111,51,55.4,630,2,Bolivia
28.6,7.9,63,62.3,67.6,2680,2,Brazil
23.4,5.8,17.1,68.1,75.1,1940,2,Chile
32.9,7.4,63,63.4,67.6,980,2,Ecuador
28.3,7.3,56,60.4,66.1,330,2,Guyana
34.8,6.6,42,64.4,68.5,1110,2,Paraguay
32.9,8.3,109.9,56.8,66.5,1160,2,Peru
18,9.6,21.9,68.4,74.9,2560,2,Uruguay
12,10.6,7.9,70,76.8,15540,3,Belgium
13.2,10.1,5.8,70.7,78.7,26040,3,Finland
12.4,11.9,7.5,71.8,77.7,22080,3,Denmark
13.6,9.4,7.4,72.3,80.5,19490,3,France
11.4,11.2,7.4,71.8,78.4,22320,3,Germany
15.1,9.1,7.5,71,76.7,9550,3,Ireland
9.7,9.1,8.8,72,78.6,16830,3,Italy
13.2,8.6,7.1,73.3,79.9,17320,3,Netherlands
14.3,10.7,7.8,67.2,75.7,23120,3,Norway
11.9,9.5,13.1,66.5,72.4,7600,3,Portugal
14.5,11.1,5.6,74.2,80,23660,3,Sweden
12.5,9.5,7.1,73.9,80,34064,3,Switzerland
13.6,11.5,8.4,72.2,77.9,16100,3,U.K.
16.7,8.1,9.1,71.5,78.3,21790,3,U.S.A.
40.4,18.7,181.6,41,42,168,5,Afghanistan
28.4,3.8,16,66.8,69.4,6340,4,Bahrain
42.5,11.5,108.1,55.8,55,2490,4,Iran
42.6,7.8,69,63,64.8,3020,4,Iraq
38.9,6.4,44,64.2,67.8,1240,4,Jordan
26.8,2.2,15.6,71.2,75.4,16150,4,Kuwait
31.7,8.7,48,63.1,67,*,4,Lebanon
45.6,7.8,40,62.2,65.8,5220,4,Oman
22.8,3.8,26,68.6,72.9,19860,4,United_Arab_Emirates
42.2,15.5,119,56.9,56,210,5,Bangladesh
41.4,16.6,130,47,49.9,*,5,Cambodia
21.2,6.7,32,68,70.9,380,5,China
28.6,9.4,75,58.5,62,570,5,Indonesia
23.5,18.1,25,66.2,72.7,*,5,Korea
31.6,5.6,24,67.5,71.6,2320,5,Malaysia
36.1,8.8,68,60,62.5,110,5,Mongolia
39.6,14.8,128,50.9,48.1,170,5,Nepal
33.2,7.7,45,62.5,66.1,730,5,Philippines
17.8,5.2,7.5,68.7,74,11160,5,Singapore
21.3,6.2,19.4,67.8,71.7,470,5,Sri_Lanka
22.3,7.7,28,63.8,68.9,1420,5,Thailand
47.2,20.2,137,42.9,46.1,610,6,Angola
48.5,11.6,67,52.3,59.7,2040,6,Botswana
46.1,14.6,73,50.1,55.3,1010,6,Congo
38.8,9.5,49.4,57.8,60.3,600,6,Egypt
47.4,21.4,143,41.4,44.6,260,6,Gambia
44.4,13.1,90,52.2,55.8,390,6,Ghana
47,11.3,72,56.5,60.5,370,6,Kenya
44,9.4,82,59.1,62.56,5310,6,Libya
48.3,25,130,38.1,41.2,200,6,Malawi
45,18.5,141,44.9,48.1,80,6,Mozambique
44,12.1,135,55,57.5,1030,6,Namibia
48.5,15.6,105,48.8,52.2,360,6,Nigeria
48.2,23.4,154,39.4,42.6,240,6,Sierra_Leone
50.1,20.2,132,43.4,46.6,120,6,Somalia
44.6,15.8,108,48.6,51,480,6,Sudan
46.8,12.5,118,42.9,49.5,810,6,Swaziland
31.1,7.3,52,64.9,66.4,1440,6,Tunisia
52.2,15.6,103,49.9,52.7,220,6,Uganda
50.5,,,,,,,Tanzania
51.1,13.7,80,50.4,52.5,420,6,Zambia
41.7,10.3,66,56.5,60.1,640,6,Zimbabwe